bogstav,parti,procent_25,procent_21
S,Socialdemokratiet,49.99516461047484,28.4039917450138
V,Venstre,49.99516461047484,21.18061975866503
Andre,Andre,0.009670779050329497,0.0
