bogstav,parti,procent_25,procent_21
S,Socialdemokratiet,49.99516461047484,28.4039917450138
SP,Sol,0.006907699321663926,
T,Test,0.002763079728665571,
V,Venstre,49.99516461047484,21.18061975866503
