bogstav;parti;procent_25;procent_21
S;Socialdemokratiet;49.995855323146635;28.4039917450138
V;Venstre;49.995855323146635;21.18061975866503
Andre;Andre;0.008289353706722666;0.2919943926196045
