bogstav;parti;procent_25;procent_21
S;Socialdemokratiet;49.99723680574744;28.4039917450138
V;Venstre;49.99723680574744;21.18061975866503
Andre;Andre;0.005526388505111909;0.2919943926196045
