bogstav,procent_25,procent_21,partier,listebogstav
DF,5.681818181818182,2.972797460134209,Dansk Folkeparti,O
EL,11.217437533227006,10.15224763691464,Enhedslisten,Ø
K,13.563264221158958,19.157226351107585,Konservative,C
LA,5.668527379053695,0.966880727325204,Liberal Alliance,I
M,1.701222753854333,,Moderaterne,M
R,3.5419989367357787,3.867522909300816,Radikale,B
SF,13.696172248803828,10.072876830940183,SF,F
S,38.54997341839447,45.85467926978858,Socialdemokratiet,A
V,6.379585326953747,3.0449527382928063,Venstre,V
