bogstav,procent_25,procent_21,partier,listebogstav
DF,9.447809878844362,6.334954483102631,Dansk Folkeparti,O
EL,7.33923578751165,4.676393565282455,Enhedslisten,Ø
K,53.72786579683131,53.88452425489463,Konservative,C
LA,3.331780055917987,,Liberal Alliance,I
SF,8.574091332712023,4.140167103130066,SF,F
S,15.039608574091332,20.81306896121711,Socialdemokratiet,A
V,2.5396085740913326,,Venstre,V
