bogstav,procent_25,procent_21,partier,listebogstav
DF,9.448910637306303,6.334954483102631,Dansk Folkeparti,O
EL,7.340090877315624,4.676393565282455,Enhedslisten,Ø
K,53.722474659210064,53.88452425489463,Konservative,C
LA,3.3321682395432832,,Liberal Alliance,I
SF,8.57509029476873,4.140167103130066,SF,F
S,15.041360829546779,20.81306896121711,Socialdemokratiet,A
V,2.539904462309216,,Venstre,V
