bogstav,procent_25,procent_21,partier,listebogstav
DF,8.62130388314927,6.334954483102631,Dansk Folkeparti,O
EL,5.771286070537941,4.676393565282455,Enhedslisten,Ø
K,55.07659422871393,53.88452425489463,Konservative,C
LA,3.1350195938724617,,Liberal Alliance,I
SF,9.262557890986818,4.140167103130066,SF,F
S,15.853224082650517,20.81306896121711,Socialdemokratiet,A
V,2.2800142500890628,,Venstre,V
