bogstav,procent_25,procent_21,partier,listebogstav
ALT,0.6405693950177936,,Alternativet,Å
DD,14.227758007117439,,Danmarksdemokraterne,Æ
DF,5.195729537366548,8.893989384593315,Dansk Folkeparti,O
K,5.92170818505338,9.690144885956103,Konservative,C
M,2.1992882562277583,,Moderaterne,M
N,1.5302491103202847,,N,N
SF,9.380782918149466,0.8822263663749821,SF,F
S,23.82918149466192,31.953808635776788,Socialdemokratiet,A
V,37.07473309608541,37.777937168268544,Venstre,V
