bogstav,procent_25,procent_21,partier,listebogstav
ALT,0.5988023952095809,,Alternativet,Å
DD,10.379241516966067,,Danmarksdemokraterne,Æ
DF,6.187624750499002,8.893989384593315,Dansk Folkeparti,O
K,1.7964071856287425,9.690144885956103,Konservative,C
M,0.0,,Moderaterne,M
N,0.5988023952095809,,N,N
SF,6.786427145708583,0.8822263663749821,SF,F
S,14.97005988023952,31.953808635776788,Socialdemokratiet,A
V,58.68263473053892,37.777937168268544,Venstre,V
