bogstav,procent_25,procent_21,partier,listebogstav
ALT,6.0528559249786875,3.43328987396784,Alternativet,Å
EL,7.757885763000852,8.735332464146023,Enhedslisten,Ø
K,23.657289002557544,21.555845284658844,Konservative,C
L,3.495311167945439,,L,L
R,42.54049445865303,28.943937418513688,Radikale,B
SF,4.049445865302643,6.431986093003042,SF,F
S,4.518329070758739,8.25727944372012,Socialdemokratiet,A
V,7.928388746803069,18.600608431116903,Venstre,V
