bogstav,procent_25,procent_21,partier,listebogstav
DD,26.18483412322275,,Danmarksdemokraterne,Æ
DF,1.7180094786729858,3.0300391815411403,Dansk Folkeparti,O
K,4.1469194312796205,13.48715716151502,Konservative,C
L,9.537914691943127,,L,L
R,1.481042654028436,3.4653896386591208,Radikale,B
SF,5.33175355450237,9.865041358293428,SF,F
S,12.0260663507109,19.86939486286461,Socialdemokratiet,A
V,39.57345971563981,45.46800174140183,Venstre,V
