bogstav,procent_25,procent_21,partier,listebogstav
DD,33.47701149425287,,Danmarksdemokraterne,Æ
DF,1.5804597701149428,3.0300391815411403,Dansk Folkeparti,O
K,6.17816091954023,13.48715716151502,Konservative,C
L,22.126436781609197,,L,L
R,2.1551724137931036,3.4653896386591208,Radikale,B
SF,5.890804597701149,9.865041358293428,SF,F
S,8.333333333333332,19.86939486286461,Socialdemokratiet,A
V,20.25862068965517,45.46800174140183,Venstre,V
