bogstav,procent_25,procent_21,partier,listebogstav
DD,22.327749956829564,,Danmarksdemokraterne,Æ
DF,2.3571058539112415,3.0300391815411403,Dansk Folkeparti,O
K,9.55793472629943,13.48715716151502,Konservative,C
L,4.826454843723019,,L,L
R,4.463823173890519,3.4653896386591208,Radikale,B
SF,7.563460542220687,9.865041358293428,SF,F
S,18.45104472457261,19.86939486286461,Socialdemokratiet,A
V,30.452426178552926,45.46800174140183,Venstre,V
