bogstav,procent_25,procent_21,partier,listebogstav
DF,2.386117136659436,1.3311640289897944,Dansk Folkeparti,O
EL,9.97830802603037,11.536754917911551,Enhedslisten,Ø
K,32.10412147505423,13.496524182813191,Konservative,C
LA,2.6030368763557483,,Liberal Alliance,I
M,0.21691973969631237,,Moderaterne,M
R,2.6030368763557483,8.549031208401123,Radikale,B
SF,4.772234273318872,5.797958881822216,SF,F
S,8.459869848156181,25.15900014790711,Socialdemokratiet,A
V,36.8763557483731,31.09007543262831,Venstre,V
