bogstav,procent_25,procent_21,partier,listebogstav
DF,4.022464022464022,1.3311640289897944,Dansk Folkeparti,O
EL,9.512109512109513,11.536754917911551,Enhedslisten,Ø
K,21.263601263601263,13.496524182813191,Konservative,C
LA,3.7135837135837138,,Liberal Alliance,I
M,0.3931203931203931,,Moderaterne,M
R,3.875043875043875,8.549031208401123,Radikale,B
SF,11.133731133731134,5.797958881822216,SF,F
S,24.85082485082485,25.15900014790711,Socialdemokratiet,A
V,21.235521235521233,31.09007543262831,Venstre,V
