bogstav,procent_25,procent_21,partier,listebogstav
K,36.299958796868566,23.169781931464176,Konservative,C
SF,19.324268644416975,13.045171339563865,SF,F
S,25.092707045735473,32.281931464174455,Socialdemokratiet,A
V,19.283065512978986,25.46728971962617,Venstre,V
