bogstav,procent_25,procent_21,partier,listebogstav
DD,7.513952538681429,,Danmarksdemokraterne,Æ
DF,12.251009573937113,9.446345694060287,Dansk Folkeparti,O
K,12.772811833567765,19.624021377338146,Konservative,C
L,11.733744725259767,,L,L
LA,3.7025273379009938,,Liberal Alliance,I
SF,3.747901447434094,1.7392527307674277,SF,F
S,18.83025545623667,22.99470254559092,Socialdemokratiet,A
V,29.44779708698217,31.034644414232808,Venstre,V
