bogstav,procent_25,procent_21,partier,listebogstav
DD,7.032299805902554,,Danmarksdemokraterne,Æ
DF,12.14353257353307,9.446345694060287,Dansk Folkeparti,O
K,12.312745732344597,19.624021377338146,Konservative,C
L,12.352560593241426,,L,L
LA,3.772458069974618,,Liberal Alliance,I
SF,3.7873886428109294,1.7392527307674277,SF,F
S,18.727915194346288,22.99470254559092,Socialdemokratiet,A
V,29.871099387846513,31.034644414232808,Venstre,V
