bogstav,procent_25,procent_21,partier,listebogstav
DD,7.515998729178959,,Danmarksdemokraterne,Æ
DF,12.25888440067172,9.446345694060287,Dansk Folkeparti,O
K,12.762674170562338,19.624021377338146,Konservative,C
L,11.736940044478736,,L,L
LA,3.7171515454091595,,Liberal Alliance,I
SF,3.7625380111650704,1.7392527307674277,SF,F
S,18.812690055825353,22.99470254559092,Socialdemokratiet,A
V,29.433123042708665,31.034644414232808,Venstre,V
