bogstav,procent_25,procent_21,partier,listebogstav
DD,7.447898872565767,,Danmarksdemokraterne,Æ
DF,5.15032456440041,6.118806832667629,Dansk Folkeparti,O
EL,2.83566791937137,2.5240078184753973,Enhedslisten,Ø
K,8.028698325930987,5.319962607291578,Konservative,C
R,6.25213529210796,3.679782442423728,Radikale,B
SF,5.099077553809361,2.099090677317923,SF,F
S,31.23505295524428,29.51474462479817,Socialdemokratiet,A
V,33.95114451656986,46.08651312993966,Venstre,V
