bogstav,procent_25,procent_21,partier,listebogstav
DD,7.347594487190327,,Danmarksdemokraterne,Æ
DF,5.081592965249007,6.118806832667629,Dansk Folkeparti,O
EL,2.798680984188721,2.5240078184753973,Enhedslisten,Ø
K,7.95637101547307,5.319962607291578,Konservative,C
R,6.180772807981737,3.679782442423728,Radikale,B
SF,5.022406358332629,2.099090677317923,SF,F
S,32.10450663735521,29.51474462479817,Socialdemokratiet,A
V,33.508074744229305,46.08651312993966,Venstre,V
