bogstav,procent_25,procent_21,partier,listebogstav
DD,7.418473621307836,,Danmarksdemokraterne,Æ
DF,5.122076148198737,6.118806832667629,Dansk Folkeparti,O
EL,2.834215468669967,2.5240078184753973,Enhedslisten,Ø
K,8.033122759091684,5.319962607291578,Konservative,C
R,6.248932900802458,3.679782442423728,Radikale,B
SF,5.096465767457743,2.099090677317923,SF,F
S,31.21051732969097,29.51474462479817,Socialdemokratiet,A
V,34.03619600478061,46.08651312993966,Venstre,V
