bogstav,procent_25,procent_21,partier,listebogstav
DD,11.36079900124844,,Danmarksdemokraterne,Æ
DF,7.240948813982522,6.118806832667629,Dansk Folkeparti,O
EL,3.870162297128589,2.5240078184753973,Enhedslisten,Ø
K,14.107365792759053,5.319962607291578,Konservative,C
R,4.2446941323345815,3.679782442423728,Radikale,B
SF,6.242197253433209,2.099090677317923,SF,F
S,23.470661672908864,29.51474462479817,Socialdemokratiet,A
V,29.463171036204745,46.08651312993966,Venstre,V
