bogstav,procent_25,procent_21,partier,listebogstav
DD,12.025635486426154,,Danmarksdemokraterne,Æ
DF,5.062288471232088,3.0211202938475665,Dansk Folkeparti,O
EL,1.3897890113055376,2.0630547903275174,Enhedslisten,Ø
K,6.596097069201412,7.000306091215182,Konservative,C
LA,2.383524159285663,,Liberal Alliance,I
M,3.787715129257579,,Moderaterne,M
SF,10.866277813782673,3.902662993572085,SF,F
S,23.273565204867865,57.413529231711045,Socialdemokratiet,A
V,34.61510765464103,20.97030915212733,Venstre,V
