bogstav,procent_25,procent_21,partier,listebogstav
DD,11.211364945287002,,Danmarksdemokraterne,Æ
DF,5.25052793242465,3.0211202938475665,Dansk Folkeparti,O
EL,1.5166058744480706,2.0630547903275174,Enhedslisten,Ø
K,7.439047801881358,7.000306091215182,Konservative,C
LA,1.9197542714532538,,Liberal Alliance,I
M,4.261854482626224,,Moderaterne,M
SF,9.992320982914187,3.902662993572085,SF,F
S,22.83547705893646,57.413529231711045,Socialdemokratiet,A
V,35.57304665002879,20.97030915212733,Venstre,V
