bogstav,procent_25,procent_21,partier,listebogstav
DD,9.999049520007604,,Danmarksdemokraterne,Æ
DF,5.265659157874727,3.0211202938475665,Dansk Folkeparti,O
EL,1.6728447866172416,2.0630547903275174,Enhedslisten,Ø
K,5.658524221398473,7.000306091215182,Konservative,C
LA,3.0320311757437506,,Liberal Alliance,I
M,2.8229255774165956,,Moderaterne,M
SF,15.236194278110446,3.902662993572085,SF,F
S,26.147704590818364,57.413529231711045,Socialdemokratiet,A
V,30.1650666920128,20.97030915212733,Venstre,V
