bogstav,procent_25,procent_21,partier,listebogstav
DD,10.015842839036756,,Danmarksdemokraterne,Æ
DF,5.275665399239544,3.0211202938475665,Dansk Folkeparti,O
EL,1.6539923954372624,2.063054790327518,Enhedslisten,Ø
K,5.662230671736375,7.000306091215182,Konservative,C
LA,3.0228136882129277,,Liberal Alliance,I
M,2.8168567807351077,,Moderaterne,M
SF,15.262991128010139,3.902662993572085,SF,F
S,26.131178707224333,57.413529231711045,Socialdemokratiet,A
V,30.158428390367554,20.970309152127335,Venstre,V
