bogstav,procent_25,procent_21,partier,listebogstav
DD,11.186868686868687,,Danmarksdemokraterne,Æ
DF,4.44949494949495,3.0211202938475665,Dansk Folkeparti,O
EL,1.3636363636363635,2.0630547903275174,Enhedslisten,Ø
K,6.3232323232323235,7.000306091215182,Konservative,C
LA,2.4545454545454546,,Liberal Alliance,I
M,3.5151515151515147,,Moderaterne,M
SF,12.121212121212121,3.902662993572085,SF,F
S,23.964646464646464,57.413529231711045,Socialdemokratiet,A
V,34.62121212121212,20.97030915212733,Venstre,V
