bogstav,procent_25,procent_21,partier,listebogstav
DD,10.002217786648924,,Danmarksdemokraterne,Æ
DF,5.268827424516047,3.0211202938475665,Dansk Folkeparti,O
EL,1.6665082533346007,2.0630547903275174,Enhedslisten,Ø
K,5.658524221398473,7.000306091215182,Konservative,C
LA,3.0320311757437506,,Liberal Alliance,I
M,2.8165890441339543,,Moderaterne,M
SF,15.236194278110446,3.902662993572085,SF,F
S,26.147704590818364,57.413529231711045,Socialdemokratiet,A
V,30.17140322529544,20.97030915212733,Venstre,V
