bogstav,procent_25,procent_21,partier,listebogstav
ALT,1.7543859649122806,,Alternativet,Å
DD,17.703349282296653,,Danmarksdemokraterne,Æ
DF,3.827751196172249,4.55662273844092,Dansk Folkeparti,O
K,10.845295055821373,11.512173330355148,Konservative,C
KD,0.6379585326953748,0.509269600178691,Kristendemokraterne,K
LA,3.827751196172249,,Liberal Alliance,I
SF,6.698564593301436,3.064552155461246,SF,F
S,30.701754385964914,36.81483136028591,Socialdemokratiet,A
V,24.003189792663477,32.334152334152336,Venstre,V
