bogstav,procent_25,procent_21,partier,listebogstav
ALT,1.488315418425519,,Alternativet,Å
DD,16.436746594716915,,Danmarksdemokraterne,Æ
DF,3.83828713172897,4.55662273844092,Dansk Folkeparti,O
K,12.781235040689326,11.512173330355148,Konservative,C
KD,0.29157056442839113,0.509269600178691,Kristendemokraterne,K
LA,2.8721876495931067,,Liberal Alliance,I
SF,7.820183645937595,3.064552155461246,SF,F
S,30.84555463684233,36.81483136028591,Socialdemokratiet,A
V,23.625919317637845,32.334152334152336,Venstre,V
