bogstav,procent_25,procent_21,partier,listebogstav
ALT,1.489222730241672,,Alternativet,Å
DD,16.429349009362074,,Danmarksdemokraterne,Æ
DF,3.8406270411495753,4.55662273844092,Dansk Folkeparti,O
K,12.793381232310036,11.512173330355148,Konservative,C
KD,0.2917483126496843,0.509269600178691,Kristendemokraterne,K
LA,2.869584149793164,,Liberal Alliance,I
SF,7.820596559982581,3.064552155461246,SF,F
S,30.846940997169607,36.81483136028591,Socialdemokratiet,A
V,23.618549967341607,32.334152334152336,Venstre,V
